Twitter ID,Interaction count
400144770,0
127551326,0
856928725,45
887461274,0
316842662,4
1272977286,0
1268250757,0
1250238986,1
937513957,1
1249794612,1
818131350,7
1072032300,87
1267663496,0
900693096,1
18834072,0
1072851218,0
619105419,0
998331242,1
20268038,7
611297227,0
307963985,0
517159398,8
729134036,0
494327659,0
743129088,0
1264764085,0
501954782,2
857278716,0
94165248,7
1190178762,0
290294378,0
1079162658,2
1020248611,0
14678965,0
192302852,0
59767832,0
562628806,0
9697172,0
824473112,2
1276460149,1
989666251,0
29024261,39
63674633,1
747000386,0
985409348,0
1268953286,0
1255891004,0
1251825284,0
273283728,0
1284971173,0
622525029,47
1298696424,0
1298749087,0
1298733192,0
10151752,0
350305569,17
559466563,8
68274372,13
517905077,10
84207565,31
608835608,4
422773751,120
302418309,0
322089533,289
472286193,91
160027610,147
113243765,24
475308891,17
385748033,7
372303687,13
274214651,3
306279729,22
138616596,207
159282071,26
16755552,43
539656934,78
629785384,49
379008073,99
49687037,169
75016616,119
241355995,2
203646071,48
501433802,124
85612633,663
174137795,131
19240249,310
16116073,18
12034642,1911
315296719,36
273405104,1329
510942432,52
100689906,5
247897149,91
89704537,59
210138966,7
277730808,34
267529750,97
400836180,16
222987791,290
501380555,940
6634632,160
16315028,149
460172196,7
423823137,442
61562192,49
21315649,124
498230889,10
254999238,990
25198091,251
311286748,29
176548558,8
186285606,49
262522708,36
361058702,18
160190953,11
77254498,492
535486548,326
1058370912,117
567814795,65
46286710,712
140899011,12
962044404,131
27161840,10
107886768,51
1066176374,167
566579915,281
260448523,82
277132286,49
433867215,10
96874375,41
312660421,88
356262824,63
164324862,13
522452889,370
395691956,19
250906632,469
15254148,104
552119609,41
776270952,65
16161679,1299
378298356,555
19825011,30
131175096,27
880770732,7
95539607,24
18454463,10
291126048,0
1026385562,27
19365670,82
348090355,199
267924719,3
978426805,8
62139614,4
56382876,16
234632458,28
28115444,318
517664013,7
524754019,68
310855387,101
150121687,4
40156733,95
82494649,159
193156404,20
15616667,258
14861810,113
331241281,18
237404095,3
545801629,1
105208870,95
191017430,7
143255693,1
311469815,11
55468747,92
20697134,20
402172664,9
319538480,1
22372600,100
17393603,138
121853848,644
224400947,36
379906635,1
28191911,107
275185537,164
245400098,0
75368511,230
15206059,33
197176188,173
31610556,155
448319574,61
293056684,56
17553618,319
190386166,0
13179482,38
88316342,71
1090069562,4
493389719,9
590650380,31
93649345,5
16135612,204
104595491,82
1048447759,24
272141036,15
86344211,589
321545042,55
131171499,0
28421045,5
42553151,77
959017472,32
86874273,11
184164307,1
266965724,2
271073165,166
1260599725,36
935732234,255
72966878,8
399253284,17
497731840,54
173465009,19
102119892,2
827452826,220
40015876,77
308606319,24
50882624,0
1076505421,69
78641250,160
75436573,11
436158344,0
393056809,0
462214859,75
38494251,0
587138551,18
41378883,56
1186454012,44
1191396000,19
358291440,13
273704144,2
821734045,59
195000753,45
28286822,38
1075087957,12
22853441,2
607531851,35
49707617,171
513739938,19
444262205,46
494580521,10
18681012,35
29864721,0
370384969,60
756913038,11
16178972,18
464918785,0
28127520,5
481033058,30
14826248,5
963122683,70
353460946,24
70184896,26
487144919,1
18156244,52
249421095,104
275699060,618
27485292,38
490519631,16
21610572,3
282277983,73
322356264,1
1137791304,36
26344705,323
31623014,146
71446721,13
1049348168,0
201785220,12
160356798,14
16276647,56
15726720,91
716501756,57
703965512,5
16437983,29
16474992,10
63258578,12
175121830,0
250159277,5
282894960,449
216609343,95
32745985,398
30026134,1
17300745,8
22787990,37
369757190,24
499819985,7
1098099410,19
251256864,356
948163202,0
131859786,8
200037786,0
408867671,3
132993708,12
249128266,91
581438207,6
737364186,9
27272767,4
553747738,43
861645158,4
606653450,0
227464980,30
240988612,0
403007460,2
348195475,2
832349402,3
731817787,0
221613684,1
64946383,1
76919759,1176
228232989,0
367960701,29
98471835,102
245477839,46
175481424,90
284725852,99
17116017,104
1214680596,2
23399192,42
594525433,45
30935659,83
331272785,24
163217488,288
255067647,188
270889394,1158
327533387,29
137508424,8
428057122,15
285771480,93
633057774,3
19221008,26
30264222,55
363490877,0
485063311,2
224922810,1
94125725,59
274606474,81
47845089,16
468732172,0
286985249,25
10206822,10
80474440,48
248412992,86
94900143,51
848955582,10
371094771,112
79746968,10
45214513,1
418032965,5
251015682,7
272237849,45
900667856,14
408143683,64
1250157301,0
44708852,19
1230441554,44
18967986,261
944576364,23
195978878,0
950291354,15
84969179,198
953027875,0
365561959,2
1237059938,5
278768935,12
15881932,2
820890391,0
56164159,1
596734648,20
463489747,330
409886625,2
19812883,85
132021619,14
967227373,45
1156300052,1
399714083,43
313584539,0
558965990,0
24697131,4
277263155,43
14360480,8
128514866,5
239489739,26
222178281,38
266987043,19
431886597,16
297944158,4
262689657,12
204584481,3
97820008,8
635074627,9
559888611,17
50656896,8
50285275,89
41186732,121
209693045,32
22976448,0
19088288,78
247571455,2
342281222,2
14819714,9
279655508,277
391997276,15
91158266,51
259330135,96
15278776,256
431504592,47
259226302,1
139880319,24
112755355,53
95268418,163
609037714,0
526913370,27
247478131,9
220778300,19
296350580,21
40448657,0
281276278,22
279237257,6
250282374,16
754052142,44
267728489,5
251564109,8
326235711,149
412692285,17
41156065,0
102570249,7
254388885,0
130571649,110
425252248,10
25121600,0
17031126,13
336221845,0
185777196,60
252109262,6
16025963,0
211223603,8
48350044,21
446682479,14
426905638,23
622198555,0
144876537,98
169236244,2
40697478,94
146060152,74
567663996,70
87152213,8
397288315,1
283590835,3
1160587963,17
860654623,39
45637133,272
38038939,18
22244391,56
273201959,32
523219348,43
251116380,34
74660931,36
201747020,7
312568240,60
105358446,1
347321914,0
1239757610,5
356378265,40
25869252,37
156280432,28
277316485,15
414199653,6
368839993,0
147774520,74
131589912,15
56690455,11
85446321,88
271475860,219
146530868,13
279623396,11
63542749,1
105391738,63
486194640,249
461633566,9
225438673,6
227245275,0
325022623,117
28569095,6
376499821,9
993020562,1
976907744,10
6034422,16
244600462,2
41532121,22
286723230,140
85118235,1
273280868,7
13699242,96
608283021,114
274090688,0
90173213,36
404385781,60
106285121,131
707512603,3
15569103,192
16458926,12
321871451,66
471078603,14
324086895,195
16220555,2090
627055000,437
820865316,2
106790430,28
591150170,0
27682432,24
342867480,37
18881147,0
460413702,2
537867910,53
318550526,0
405695721,1
634874281,29
254749458,3
17546396,17
105911241,80
108743813,96
125417632,25
214324469,20
518011368,3
519737251,76
981391872,73
872059213,22
772708915,44
366565098,4
385760695,13
350961252,40
46919079,87
86203783,17
30310478,23
379207097,136
278789553,26
302873036,0
376889920,17
618286828,0
161783335,24
14538949,296
1038301598,20
444788886,0
19006592,38
542706706,13
239993455,8
811289166,247
758049516,0
208706267,8
313465906,8
239478762,19
960221840,30
811236194,42
378066853,105
218987872,19
256215901,6
154592265,67
48415266,9
716197484,8
268538413,124
27261031,18
102716123,186
145524578,69
1071955452,75
113690283,32
375290882,25
70215225,6
1005258452,291
373670338,7
59114494,2
874887668,1
785739980,2
945691729,0
53400950,5
36175685,5
274300708,10
348863339,16
561264121,127
21545704,46
412997002,0
79187514,3
369027713,40
244085908,30
24116965,52
624500661,25
226376868,58
437673995,17
249264319,38
166398809,35
23648440,3
23159696,693
22279004,8
381069997,6
545311971,28
900604650,5
272517144,23
282252740,6
321968555,4
20753028,36
92783808,7
487981280,6
41831995,4
609603108,12
379576582,4
612496685,125
65308877,0
547888856,4
50672511,6
377540405,24
16969753,15
92579695,39
191422128,9
403372214,15
143188147,17
92834029,2
454472178,7
587873748,640
90783594,96
281582497,4
195419614,6
21889071,21
297568021,18
221355278,10
25127782,311
17257492,13
554872086,1
339722887,170
19661657,218
1028667224,21
603341720,14
287752788,193
196737461,8
398028301,3
501192516,9
275815874,13
338465827,1
260048608,20
387707281,2
1090036602,14
496192309,798
40397784,436
47501529,14
1250116735,2
470696857,2
501845170,22
221579366,29
360129829,125
258463599,2
386347049,0
745649389,0
70016558,114
14103001,1
575574447,4
454114632,31
135257089,13
1140070970,4
16801721,14
242975599,28
275529865,14
24784150,49
235783992,20
596610030,5
199354634,31
465200547,0
159578935,25
36711954,6
603227316,16
1254880027,20
30959934,5
225811778,4
24598043,72
132231788,1321
18588982,2
374170691,6
250448044,30
22717349,56
177416004,16
809099172,0
90552383,0
21421397,2
792044107,3
19246319,0
442407662,14
60468248,50
37915527,86
105832299,0
23335823,9
237973831,9
468128433,17
122422343,145
16740019,122
18309340,1
22636784,22
285709236,50
14258863,5
1049199278,3
422937826,0
140129979,1
279679549,99
51448005,71
887333558,1
559903099,11
966467131,34
230404096,0
42376010,10
22819266,1
416699333,0
16028749,2
604806474,36
129812924,0
340965023,1
83491633,1
413246876,2
271649526,1
165516074,36
203600449,2
249221943,5
527170087,0
82907020,0
1018772598,2
19996935,96
28058648,28
129389158,1
18440389,15
79229494,7
543895677,32
99802405,15
943203804,12
1097270467,219
370736598,16
190224295,73
385486802,193
218789119,136
619815732,20
158937744,39
494252830,8
421714996,11
335426737,237
256773530,59
92854317,26
243730839,4
483577756,10
300070934,31
29480932,5
111127530,44
381666934,3
21625747,104
389648206,2
203559806,3
73197511,10
246823640,8
361496918,7
123279913,31
16903221,7
16044997,386
276595482,77
542744338,5
15827727,4
94352593,9
222819990,3
441973833,10
38639718,16
75335389,34
1200627678,0
1033285939,3
5130001,0
395484715,13
283332808,10
397019549,21
26854642,3
17551297,32
487803136,13
155792555,2
4093441,55
541927759,152
565131608,2
503827583,52
261857919,29
50910154,5
100531055,44
25886969,21
538458120,13
285734431,13
247404995,0
100033160,2
182055360,4
196218449,8
1060875288,14
277351885,38
268906600,1
107516300,4
390696780,5
284242666,5
15215453,3
91369352,17
613822232,25
351012642,6
173137904,0
206457337,12
279146802,1
173580066,2
45627934,3
52657832,3
929557369,0
748080476,0
471744253,15
274743250,12
53211399,1
152498426,12
273479738,49
50458600,168
41706757,179
395810455,4
1243510502,4
18435883,0
16493164,152
770671867,75
268412615,4
39204895,17
520820898,464
297787306,21
66076712,52
290895809,38
222995401,36
254777166,1
559049672,104
282282958,25
442860890,39
851805686,3
23020091,54
246455540,22
239378797,221
15675351,50
221019842,7
246667561,354
119149614,6
711063583,14
29217969,1
863580548,42
73128904,2
19082794,21
93006802,0
399360633,87
14631451,22
431971226,43
17850064,8
161849864,39
968015432,67
152625640,4
408257459,21
48708159,87
147934725,6
544158224,2
90511247,4
33607722,2
570144609,30
35975222,8
951841164,2
519000338,0
538475365,73
221414237,1
316696841,4
16087953,11
909289290,12
499449099,29
308632273,10
377851562,55
969591588,13
544713449,0
207745397,0
278228855,3
111096950,84
132575271,168
28186031,1
469538872,0
919156579,1
212621119,446
92607766,12
273223103,10
25230293,14
246948963,26
373581418,70
250931446,60
347227889,8
16658420,0
284838499,8
579490823,3
426673015,0
80155484,38
385195352,4
341310432,0
279644970,9
252167009,17
235122381,16
165493994,133
176398351,6
169125181,11
215987838,0
553601544,0
15612072,10
15419003,15
61213720,229
16832788,8
231211484,9
119711865,21
85999942,0
19231224,23
624022720,53
493463871,3
221565757,41
25217615,5
24892031,209
23979828,307
15830174,116
499366511,6
348226471,7
211700224,16
263850473,12
273758664,12
200140108,5
276518876,62
355105989,158
116282012,7
401651305,311
271646800,12
319749893,6
41514883,372
277580021,1
403689317,28
552080063,23
1257655196,6
23768120,44
596527769,0
840925669,5
1169215122,5
1268694740,0
2183601,8
15049217,10
16730316,5
20644763,52
703722876,31
24952644,31
258562269,5
21357830,10
19598120,3
133170079,0
541390165,2
420665931,0
1152981883,1
235425236,48
774519661,0
374096811,8
514845467,42
16208964,43
19365951,0
334996907,3
17221430,145
18040291,3
23695888,26
94760350,7
1323671,11
11609972,31
262244948,25
43047440,6
1108718324,0
285717387,4
617241899,12
934620770,4
178287743,93
200231908,6
43364540,79
247125962,0
146792452,12
851744330,1
776556378,6
23130850,13
29253678,1
71611873,12
78317432,0
1099121384,3
292659175,5
767540082,5
20530732,49
557449649,67
63198527,16
356303383,8
426888980,0
168504027,15
107794362,137
1042940202,5
547611286,49
424057610,15
809810088,29
553215041,5
591461998,18
37713606,66
115034238,17
61472094,5
398326897,7
23797435,4
397543166,6
1187398310,9
276586569,2
306944225,31
21825027,38
564920924,29
1265329136,0
397488530,31
342772599,9
399238624,1
310970714,1
391400343,16
465446391,2
1013523684,89
128490244,6
915477338,34
306832808,65
279550566,4
132171287,29
229765277,36
26593129,72
354743403,4
1204117964,1
570611285,0
91892348,14
498154944,118
21832884,84
1114250790,1
192922494,11
128712259,96
756085640,15
732493945,0
272498805,11
27349747,51
261751772,38
487811502,7
312422268,17
255124676,57
31226332,94
32391060,41
261487188,0
253382876,20
271516426,48
149543873,3
1151108563,0
242205201,2
18464551,65
196340725,1
276761716,6
305330589,209
451714922,62
438556331,20
20387713,4
442383920,7
16335073,33
237901118,2
194222922,79
139732486,3
498940924,0
36293581,3
17694287,3
13075932,10
27765177,23
581863095,46
610195349,16
856448304,15
409740980,3
599188522,3
387348325,4
17180475,1
542169141,18
102927420,6
204844864,67
584380180,29
464824122,117
101146132,33
473689699,22
1194130064,0
719442583,15
83689327,26
378615823,1387
37106938,0
395446247,0
396099486,0
404402803,0
273160093,14
1262481170,0
1267285542,0
165533527,23
404420419,81
362310283,24
552642409,5
249809370,63
347213984,16
356883125,11
1109187241,3
81050260,7
880810860,3
270088915,7
161107042,3
534827153,13
526919381,134
1056066385,40
596080947,20
269485235,29
872639550,6
414261042,8
306494846,30
494609110,62
859029968,6
253086457,13
575511770,18
310942227,63
522842112,47
173469798,14
144598107,4
21790920,3
271229421,11
917466355,14
21134069,44
416434193,11
33269047,14
543799267,130
268401139,223
49403072,65
327747513,1
374713557,6
170774815,597
400019874,2
44126988,1
187140926,10
375634441,7
86182834,52
427901944,39
188916172,1
534790063,0
36073085,3
209609597,2
83496033,21
42985494,6
174036746,2
607874997,0
286504250,38
153668307,1
182865739,3
86392520,15
541582069,11
996478027,22
24444891,69
36462468,64
37399340,2
1184156005,60
53542320,8
1014532460,346
206340892,7
64611995,14
54636481,2
1041121530,2
110587321,0
67171013,12
272247146,27
121291378,2
91404588,49
995002429,7
496075854,20
740994812,26
426739723,0
389550963,0
51963464,4
270889290,1
49018161,6
65535533,54
1222620624,4
55901461,4
8795262,58
15315875,1
20036361,7
22094253,4
18115619,3
126408925,13
21349417,76
423598205,9
66268665,7
15959069,14
55762792,14
726718814,19
74387981,26
15726214,3
66387685,5
45113194,0
829418706,8
616429626,16
896105796,17
337174475,53
222039393,2
112119151,1
833513995,1
245660950,13
1007615486,1
265041082,2
104644390,275
19388993,27
40191477,122
308347303,10
1128592190,11
363064080,8
451541694,0
1237156772,0
15031337,72
328112301,23
550250082,1035
243033466,15
159342666,72
68561255,43
227114507,31
16312570,12
606564909,4
635598734,0
29046868,31
854562582,0
773659566,37
192427701,12
21594028,127
20370879,14
216554278,4
629007862,3
421226526,25
22330357,2
20078507,3
976734595,0
1074278209,14
89155640,67
31254552,3
245039169,25
264003758,20
285744807,0
213296469,9
974785080,29
23926358,0
123662862,1
313332496,187
427743419,0
541201580,4
939500785,26
963460488,0
169670184,1
150829276,23
271006415,2
175392647,66
188983641,7
275313660,42
17524392,39
92674567,1
843842581,0
292686476,8
268622701,40
14871120,0
79184926,1
935377976,10
24384002,6
1106614572,0
168798900,82
923744418,3
622384821,23
1149274476,1
112327585,0
14276665,163
518046429,24
14390356,58
865633705,0
79015001,1
24121325,0
70377745,92
264451340,4
26181736,5
319742258,0
187654680,5
446445291,1
510831727,0
263691341,99
1170530546,102
21510079,4
56399458,4
28885750,7
524730862,21
159845237,0
912448819,0
65137576,28
438922660,1
162230121,4
128028442,4
217606140,2
244196762,170
67516139,3
334475094,4
112944623,517
70445552,5
223320350,6
280831905,180
902773724,2
177303552,1
40152815,28
290704632,24
102867308,40
513354952,1
311568175,47
19557595,371
20636473,1
80027957,13
263891856,22
27655434,3
16149936,46
272185225,24
359980797,12
78627903,88
17934964,18
47533676,85
17964900,1
63795844,14
216940188,29
251584824,9
218232928,282
35302544,1
111715724,1
1112892476,0
240318436,161
18592513,0
41112530,0
466603103,2
25164154,13
224339579,81
44777956,6
822198745,7
911582797,2
275295586,1
435094631,0
855136358,337
400419867,16
80475670,32
285796366,18
122176481,37
324871858,2
1149032365,6
843843476,50
497410944,47
230220287,23
626183808,17
181176786,0
69505975,2
32728797,21
435707754,29
35018890,18
287905776,1
1043296272,76
220518078,0
34276060,80
469911910,0
187805921,374
1192013226,1
1197136231,1
475865837,39
58366291,14
1276647637,306
270927838,1
119827702,150
290312086,2
581131583,1
23009685,0
283292134,0
377574684,15
33650839,70
65491605,375
272523322,21
559995442,13
27823555,491
595562971,1
256005257,1
16744001,1
458909421,4
186273990,10
1124513556,13
310425304,3
1230330985,0
247776029,26
32936416,16
19549528,0
15427232,30
21547158,43
14181214,1018
541252471,110
561028136,4
148821315,0
42691701,0
39532535,37
273703828,27
224142741,70
607054668,0
201265978,5
751791666,1
302659496,1
1038618348,3
25849601,97
1228713486,1
486147303,12
16583536,26
117247943,5
623174642,0
16422863,113
182995976,144
488916603,9
43568344,3
879136458,0
198943825,68
298034083,38
952184484,17
138121045,11
861557418,2
342136282,0
123035624,0
415126004,6
13230662,0
122067786,3
34478789,29
189004642,0
22166737,1
15636921,1
484065654,1
312379410,1
46710447,859
32257133,7
46213096,23
22104519,31
14721346,3
270091796,3
43005927,10
221303153,4
449849480,20
16871500,3
257144150,7
203949424,1
49400099,8
919815234,15
16658644,6
35494350,1
233749323,46
1126806397,55
260559024,9
256099934,30
496253544,0
17435582,36
16616320,0
374184788,1
1267627562,2
379529949,7
275342624,90
248827135,8
463569382,33
110099532,2
732658308,0
707226692,7
398307307,18
741659616,0
372189219,1
22229462,21
147394203,56
34275728,1
21622781,23
190240891,6
340188238,3
858827341,5
21665234,163
1005209094,5
20565770,23
174416040,44
86378138,4
1098266563,68
66066925,1
287260619,238
361428694,27
381136617,29
405986825,4
514642261,46
628605608,38
43162451,14
371062289,11
267462180,15
408765727,18
22224357,6
103950335,30
18975909,0
293196522,11
17692961,32
205834289,84
170041767,107
610589750,46
398778457,7
37827784,11
271670918,1
322802999,8
267184794,13
60500762,1
1116102128,0
234140065,3
363497817,9
32444591,36
6563122,154
250164587,0
11582802,19
87247412,46
23698727,579
40756532,28
392538004,6
303665229,256
16831607,30
333016219,14
494454468,32
22329923,1
46396082,1
111120328,4
533253197,2
137444494,50
621924412,19
395452946,0
274818699,0
560765411,0
22733545,71
1153290691,0
18253198,8
1138077696,38
1218767424,0
107236815,8
121742777,23
109608296,12
926620136,5
22303151,49
244612695,1229
494271016,29
852052230,17
878546018,1
351211110,25
14860927,154
362100154,64
556331089,1
52447427,83
256775505,154
390225936,9
21263260,35
365088087,1
16580153,74
20094273,245
188733067,53
71390388,256
284630825,32
125875248,46
37513164,1
473449200,14
939998528,23
1232241829,3
68966030,23
245212504,68
112372171,32
92651574,148
196717787,262
186602385,24
227150191,7
15782873,9
39234426,9
308865688,19
206255781,2
260827091,2
291497597,24
887825390,36
373244712,22
369088384,74
40950257,20
27525925,1
60637549,352
267902492,0
150289374,29
23259960,108
25095205,83
43705629,14
315943388,6
318577966,6
242123168,19
480897676,1
86216486,0
354570485,13
89812685,33
236363669,9
54251346,18
325315594,1
46420869,0
296482531,5
242051914,3
322367885,0
355577666,36
17178342,0
351220065,15
155631208,81
18703833,0
52435593,27
478115584,5
96074076,2
74888261,12
244622688,12
586185825,44
721201848,20
394245906,13
515638983,15
217872058,17
74179953,42
66140247,2
104476989,19
41362246,0
36984909,969
22420494,11
16753407,439
72506180,1
178097164,2
635207814,9
74227540,22
1272650227,1
521738852,4
188379252,24
705490496,11
115797743,2
98162037,10
511399796,3
14195066,101
787861291,2
574279451,16
324489515,0
354330741,1
241630348,4
246901576,16
78596808,4
398897629,0
18436624,0
16795670,6
907722638,6
704055756,0
274325886,12
22253014,12
254228285,0
146532434,1
19077807,59
930386257,203
443347925,17
38442445,1
93663580,11
132378897,2
100235515,27
258549215,18
283301194,29
277145358,23
55649216,0
14862531,0
215503616,0
185852300,72
15970856,4
171236379,15
538148973,8
121785205,42
508785291,24
323291764,5
94020511,8
595832255,2
297483708,139
62979039,3
132344472,12
177671430,2
423070189,7
353995991,0
98314052,4
66895826,1
242477265,13
308062165,278
552830823,10
559146347,38
1262402966,1
995325540,0
474510878,42
101646864,5
40550119,624
137471172,9
513824018,0
178196480,16
351237761,0
14884259,25
28952731,6
79263310,11
20878297,942
284757897,3
801743592,2
341813644,177
17546540,4
14988819,3
268539428,4
293488070,19
392880793,8
528006485,2
272214370,6
844825399,151
497213370,2
43605411,20
335439371,0
494329128,0
313503716,1
1191666822,4
1033928792,33
87561702,16
299444560,94
25241610,27
1109797962,0
201407405,2
316910129,8
420351613,30
17411801,0
15338360,2
147190097,0
459561197,21
1238445726,0
977630929,1
263580149,15
7638772,2
192814611,17
16646460,2
149120710,1
232519990,1093
61248597,1
38158508,2
214494357,45
90445427,0
17482189,1
608395920,4
195903035,219
17389318,2158
808387,14
17141770,62
365592531,4
26316027,90
46381669,117
266635199,79
14231419,349
221250086,1
21767372,11
431677460,0
111624312,0
10711672,17
246393685,2
22313084,4
63805938,67
216822870,15
167132271,19
146087611,19
155944229,0
362102805,0
16496346,8
291142267,0
256508013,7
183076776,2
615702478,1
90227660,142
123164736,1
456776119,1
771076922,3
387381118,1
1063688797,2
220851657,2
503754930,0
264364455,7
279758619,0
38807340,32
6114122,31
842788621,2
83304354,1
327807599,3
269666410,5
216311666,41
85606463,6
1265924923,0
451666832,2
180377030,2
137567832,14
1270694791,0
221250191,2
17556793,15
280273788,144
65111698,61
87769317,22
636188420,0
178879310,2
415086565,3
700306736,3
20054216,3
198722685,7
16535205,9
107534282,25
16405982,101
289629680,7
735752629,4
199833381,2
80063918,4
272398543,4
37961352,3
246637413,0
17300548,104
15397836,19
414186251,1
257761286,1
991559018,0
906466254,1
70693316,8
503693698,15
242808527,21
299228664,16
83180342,18
8447542,48
243225102,37
18547284,23
391743192,13
258151703,12
284619179,9
334800870,0
284495320,6
502163458,40
125848560,2
215501705,92
124295860,39
310400113,44
833988769,88
97931967,8
16438512,0
252824869,27
632320063,2
15608428,15
266048357,72
34296179,2
365574202,2
591378710,0
90606540,6
983481974,4
411940861,0
50664739,0
618163102,8
915413804,0
40674652,38
300669060,7
360988971,0
1007314507,4
311969504,2
484317938,11
281639257,6
818034576,64
17314758,376
468782243,13
500001852,17
413381411,1
18757095,71
65254904,60
44280511,1
18584466,0
1164339799,18
275210802,59
389475975,6
590528384,9
420318827,0
883423585,18
1173231918,142
66766337,1
416083105,2
267358228,18
286424432,57
1058502702,24
27371671,96
97474079,34
17929477,1
89715294,10
577083469,7
142408161,60
72663989,229
116476946,6
327394273,2
514960977,1
198405522,16
277060347,16
178401121,1
439313680,22
14467651,5
166642906,8
242506891,19
320990339,7
479771607,53
252401073,3
16180205,2088
55142273,35
28429319,4
20476018,4
436985128,3
46555511,68
103735808,4
1094058062,78
590003661,5
94732370,0
865536330,40
77298060,225
25947220,17
1102098822,5
583022820,9
27016796,28
27576784,6
324666915,20
307884494,74
255917337,14
27279477,3
1077759668,6
705370724,761
26996143,228
321045843,1
839357312,0
102282810,170
160432735,5
529786217,8
515986093,20
317755864,50
220576066,49
105306151,42
44718864,10
1256231707,0
65624152,118
198756416,7
150779362,3
466566898,12
36395646,468
21671326,11
339060501,24
49772096,0
395292058,6
15728569,63
283368566,2
18654401,506
472515859,86
1179642390,0
942627236,35
16372926,3
192321697,157
272632742,5
44316923,4
361313270,51
255696084,0
443804372,8
239388939,54
7727422,1
382516525,66
295707178,26
273038120,13
24836413,28
336185834,12
35342112,12
14363552,6
17881636,1
34073187,25
234910661,0
31250479,17
16546939,2
250170548,1
507494424,11
90996160,4
12046772,7
14241069,11
224366663,154
145703064,3
16654103,1
1260608046,4
145677570,0
95105815,69
57771926,2
94162094,7
603719194,32
180093728,90
20059077,3
255823181,1
20537310,11
113208652,11
508876374,2
37552089,35
113387174,8
1307791,3425
164075542,204
374735534,18
40863827,39
274058279,2
126571380,3
71703535,3
17235459,3
266986977,4
20692578,3
495066576,3
594212211,10
240911396,2
1250328126,2
41013703,0
100597465,135
132294267,71
233303806,5
397393302,0
95462457,4
271117979,129
217583369,56
361448967,4
92864379,96
430896247,6
292624934,4
93964759,10
26442278,0
160339209,6
16540752,15
21423190,10
134993381,10
21060644,15
16132289,2
26776939,6
264138087,236
163298152,47
382803993,5
427822638,7
265733538,5
16676172,40
284853577,12
124236594,1
325333226,0
190251799,1
262323897,19
229682182,22
632592632,123
303321116,7
260566096,125
853288416,0
194490269,7
115491361,3
150293439,5
323400565,16
808031126,1
8150292,11
30966415,47
242038643,109
395300100,1
26286207,1
16367019,2
359011405,10
266620548,47
604842373,33
523849647,3
15223577,13
1208959315,1
258497039,2
67254536,0
95672811,14
183114838,377
404472305,4
91035609,30
15702055,53
256664075,5
42411129,139
19295032,1
242394505,35
256952235,2
1154111378,3
1023659581,6
1273148768,9
18165715,0
569445382,15
1141224883,0
14954158,1
26037015,62
328029510,37
390127676,3
17691510,6
976111975,0
360639045,0
404349157,4
479174961,9
449920911,3
54169562,171
938268962,1
382330069,1
1202055853,5
331776617,18
587725384,6
331998971,50
490997129,75
879938671,112
379869808,1
125282905,0
20207497,1
19328001,30
167156495,2
1084878776,4
456209002,4
25362154,7
68888806,4
213064124,0
79889696,10
398688825,12
836907222,12
5837592,0
403804341,0
360341311,43
45418457,1
261309062,158
322615343,21
16211114,195
612019451,14
214164173,26
70500181,2
50715881,0
19801933,8
44238517,21
158766748,29
48457938,12
28578004,4
30967575,5
844099489,12
250834460,0
99856389,7
22333382,4
394838420,8
543844268,8
94229756,0
136598338,8
174285518,67
41205644,42
605940304,1
360384010,1
32138687,11
26612007,4
1087315136,33
991670881,41
161475722,8
506496611,7
519571848,2
991803612,0
198122317,19
172487387,1
354709978,2
227143079,14
57431906,4
18709858,62
108909795,37
1004484314,8
270534541,0
380376309,2
242846644,18
63966763,133
61583209,0
881505384,58
189622949,0
147981741,34
466963666,27
1041906002,2
1080115680,0
26248921,28
19193229,13
292357569,2
383826803,0
287974083,22
1158739338,71
493488747,34
25562342,16
371070418,33
33699810,22
146972021,7
218748524,1
292460155,3
944264166,5
814665444,45
82261964,18
30679892,58
361405809,11
366307876,1
404973272,0
490960022,35
215406950,21
207612347,252
232683104,0
33666565,1
312874303,11
259606419,8
362170813,7
187997748,6
253180312,22
107296416,1
217254311,3
256124395,3
411413547,31
463015551,0
61619217,2
227291265,0
89018343,3
18117300,143
27447051,4
800913169,0
19282352,5
91017612,23
473169001,8
272059064,0
306118444,66
931039604,2
18958712,1
438398549,5
188007231,415
122053347,74
197891853,3
19599799,9
946498220,2
221577386,0
241222972,0
286229457,146
255332775,10
561603919,18
989106043,10
7075582,4
179316969,11
15964090,4
1149028724,4
1242064148,5
24421289,44
37970352,28
24597118,6
57750980,13
19568866,9
15682552,24
607871339,18
235907534,1
23534420,6
1210051994,4
103772503,62
115886031,11
135823693,2
86553574,3
390737393,3
6038862,12
851843886,0
1212389454,7
973670803,0
48066044,3
252605568,0
205463662,1
1022666976,24
1027658838,1
780844903,0
86110985,3
20508361,0
266914729,0
38278645,4
211130293,3
229545816,5
36126551,41
492873598,0
26245743,1
43815505,8
17025223,0
21460797,92
432957230,0
283258239,22
21139166,73
73500803,160
258135801,131
138956534,21
311567625,1
80292014,8
244680936,0
732951152,29
1226601480,5
24639266,116
281661071,4
199457885,6
171102859,139
521879347,40
585434206,0
490776451,1
1015951808,23
65917423,4
516634980,4
237842283,73
197650075,2
906560450,1
233426838,75
317228299,8
32485442,12
162606435,1
130341846,1
17479221,0
18711754,39
273537714,5
214946558,21
489914230,30
388024089,6
194641299,50
119220499,9
17543769,8
563849409,114
25619895,8
96909650,16
237908767,124
478862368,91
713308196,2
86124232,0
228394456,4
14049092,4
143723226,42
293313896,193
32343249,303
234909466,6
258170457,3
114595836,1
149317195,69
347414353,0
270928670,13
597968245,32
32359120,4
492633469,0
421369568,82
1081371031,0
154240814,3
369212454,7
417150122,137
887025247,9
573076951,42
791995963,16
25760258,19
64545499,44
448278822,0
374871615,8
501454405,3
24031034,2
422365641,55
36128402,13
181043440,16
392401248,0
273683993,35
1102468592,7
164451662,8
67605782,8
421246147,0
403813939,29
185947193,42
293223633,67
142699843,2
325555085,28
273625397,1
282698826,25
1155341306,7
96889124,15
198291682,11
26282371,251
445580884,3
70761385,0
556880621,1
391084315,49
238220689,1095
61011254,11
21379617,13
366654973,2
593940488,43
296553576,124
900494527,0
354691591,4
217251219,3
367562844,9
16407144,39
15152494,2
1164511201,5
500297431,0
72987186,9
318568724,0
252274047,0
208672074,27
134511670,8
40952193,4
411965102,12
217164328,0
63826204,0
829767386,3
299738128,1
521628578,10
33326848,12
26949351,3
377139026,3
297771685,123
17224196,51
561387460,0
366864224,22
15285969,1
501910165,1
20168768,0
167990608,1
793079546,3
1195737266,3
1099809654,320
84600728,1
242571362,6
860135372,13
21515380,66
143923047,12
200883695,37
387970645,15
944396432,67
267967167,44
68844282,2
727353728,9
1209622626,1
236130596,3
823992356,28
31504538,5
97839765,8
16727909,1
101918538,26
733527702,13
474546826,66
381289009,14
18666861,20
462505887,16
40359136,2
384833727,2
325994896,53
385830985,10
90179903,4
495905313,14
213863609,2
45029276,14
85146999,26
1076711600,0
262520354,1
501188833,11
59831613,25
138745077,26
20508681,2
247862756,8
115663035,13
388443126,16
99116591,2
870165780,0
948394051,3
266793860,0
381114629,11
477043749,0
255480780,7
31159339,1
452957426,18
459245980,3
490376149,2
364402840,0
620453067,0
269643383,2
245693197,0
299360167,1
116294029,1
53698190,26
442824167,8
442832919,15
16106522,345
396745864,5
13350372,4
30865662,1
731941633,5
46714028,0
24757830,75
273012474,11
127901611,6
11698322,29
576155831,11
238413434,2
37485362,23
14638851,300
423699169,444
366095123,14
70531121,2
80945516,73
344009584,3
424257469,5
890753468,0
22868993,2
81855161,2
295364492,2
54993351,4
77302546,4
887037044,9
26648462,4
1187507545,13
53060913,9
357877628,1
124799936,12
51039730,47
36988297,1
14795481,1
16116004,38
331655040,4
61542328,300
240778312,3
96918349,1
56065179,1
27885021,11
16391511,0
272124058,0
37491208,6
446524341,1
528820859,4
71425364,2
374658826,11
622367096,10
122780332,5
37515185,13
211915045,15
268896921,23
15142813,19
16166161,39
302232667,11
1278893274,0
105785852,5
1022240827,1
351847129,1
258673327,0
222901117,3
16173574,94
33432137,108
1219831238,9
90221203,2
380938969,1
836517360,4
145935577,23
51545098,11
217084212,3
47368707,2
84853717,2
288521315,12
415141537,1
542162326,10
149196780,11
201070049,1
385789390,7
69479599,3
19881863,115
374864512,0
22758206,0
1049560369,2
287040067,5
406294981,3
42075969,12
1198006309,0
402042795,0
35965408,7
132950661,9
16087107,98
344827349,35
97175858,33
543579866,1
387431860,76
160576237,12
213023643,8
132646082,55
331840766,0
538111610,9
221481261,8
26273435,162
67341240,6
34023172,2
142271252,5
485043632,13
498188801,8
52474769,2
21039946,6
128908662,1
262280216,10
19143783,6
1198862300,9
325147095,0
94021685,713
988707360,0
745795364,8
20025826,23
297162974,0
367333161,65
332884767,16
26052727,13
599313676,8
306018798,10
19253829,0
25376452,18
465539124,11
156210748,115
1130448013,27
550534777,13
43331611,57
228707979,120
78812863,0
274867725,4
1084556630,28
16438548,0
727776997,0
331376866,179
352090345,25
17768745,79
19143481,3
6351532,57
14070067,0
908380028,1
1056665060,41
44060922,83
256807621,8
17203795,1
17394041,3
292123879,0
575858975,7
1218420457,1
593946790,1
432141753,1
30584980,1
75073306,43
270646972,29
467212067,0
7417792,17
1177213375,4
282900362,6
234985641,5
44366939,39
1276931240,3
41032055,1
23121610,0
19495609,115
11627292,12
19453805,53
8228752,0
1050717998,0
116667710,0
262885487,65
194741356,0
16751014,1
31158134,0
45129106,0
14950403,88
229204006,13
150631980,6
708424146,9
109299182,10
492492626,341
55699327,0
14718629,2
1214075808,5
989309642,62
616587294,13
1013858485,3
94234643,14
252443979,3
559014346,6
285097792,3
592461813,27
146643118,0
287695900,2
395853126,12
277997330,13
790139850,3
42250627,2
173496568,2
1260813001,12
272525580,6
714987132,23
379951860,1
165514010,1
204027188,0
1267401278,1
263831999,16
632160153,2
20679494,14
294078512,4
1201207338,0
17738467,32
244650352,1
1287167142,1
254342818,14
193013796,24
36009850,65
16428261,31
538262738,3
180443064,8
1146007034,13
502004635,1
40121934,97
17442269,33
176614741,12
269899834,3
264828297,11
195164291,45
212942917,57
372343086,0
83748727,195
1089520260,0
185459722,0
458789217,9
201487651,2
293866044,48
625039826,3
331666614,136
28405581,39
64129314,1
84368341,67
332455169,32
471373072,2
274012183,65
246612992,899
206220968,56
521654689,20
27935316,52
233356796,8
519750654,35
564037933,1
245095160,9
22100885,14
15077420,0
81871292,3
158532249,10
34025552,3
56739067,6
406579529,3
73202035,119
327740140,7
594984816,68
169637331,7
981418604,20
15443546,0
156040251,5
33565866,41
94031113,29
199030841,1
118484087,2
319746362,0
148752523,6
208467742,3
1032840745,0
76977981,15
832466628,12
814062072,3
430570888,9
132264502,45
524791202,2
1290020496,0
16425076,143
69002150,8
51184630,5
614523222,3
141246833,5
238248595,60
587673918,3
19918228,39
390142047,72
38744285,20
235031427,94
18491472,0
208678180,15
213861177,1
805784827,5
391760598,10
26904707,32
542898267,7
1140100759,0
1278708559,2
805996554,3
1130456989,7
20446073,118
522827444,24
379443332,16
492378961,0
205988930,165
464983830,20
22505409,42
305850379,0
565405613,37
497952624,3
540194655,3
14997147,0
276179070,0
138313976,3
16229679,47
313310001,1
32112311,20
563759499,4
78898625,26
23167983,48
268672435,9
919226346,0
379511927,0
15156469,0
493439413,54
391553226,2
169657063,28
49140248,16
85094715,0
466540679,8
758299892,2
133425731,46
951406202,18
196819240,1
272583709,12
524792313,2
844180087,13
271762869,4
272290840,4
22574670,0
421482494,19
186907090,0
1009127808,3
945068773,4
775030206,42
708214501,1
376996977,10
354963231,8
442249363,62
358506497,1
363637819,12
32855469,15
322058839,3
249181686,27
381058048,9
226512656,1
156447298,2
1181695452,0
473116327,7
109749152,0
64846289,5
23014499,14
286014324,2
94669804,17
389001407,3
287866585,7
1222486399,2
24004837,39
289720713,0
104811358,7
365798739,6
373631302,17
1019411000,0
159255994,128
137778787,1
397656856,32
336398479,0
1250141665,2
38465211,33
224934239,33
455145030,29
323676011,4
17869751,11
16861429,0
38186656,0
1084243386,0
85994989,3
1266638515,2
472272419,0
57179067,37
11267302,23
19613023,1
1042548955,2
185472553,58
395335392,38
136735423,1
332284449,23
260980623,31
250154970,4
271284946,24
272809054,0
49731022,25
1207063184,13
497084291,19
272573393,1
443655020,2
49336963,9
1100601469,1
15395122,1
241797395,77
416324285,6
449955557,25
20880992,2
53720659,1
431323952,16
285343383,0
543394473,37
285249984,81
143241913,7
447436221,1
215108502,4
20722511,1
257144050,3
138585158,26
214613340,8
275907942,5
381630487,7
69856537,15
219007676,211
368522365,2
1275215894,14
602446013,49
170361954,0
192583618,2
44207086,1
229067990,0
16384038,59
266237186,0
59995883,0
53913259,3
58321430,15
405207165,4
415064973,11
423717475,13
63050686,7
606430476,1
17193885,1
293082921,10
497122064,113
548472253,110
49989431,11
158852785,67
85647456,1
473482276,55
151579206,2
197113002,4
55149881,4
116841782,35
415063003,0
265049085,1
200187558,76
14522779,35
305894011,6
261024394,6
287241249,44
72182988,11
1066611444,0
29620023,24
275793678,2
27674307,1
259128842,11
914886920,67
234952524,17
424265689,10
378826663,17
539865919,13
18929837,42
100893562,10
951839304,4
559830210,14
383973753,14
189619402,7
240679098,1
431867067,8
17956672,0
547119953,6
633806492,8
34268681,9
60116717,0
298540272,3
272177720,3
384610504,9
176306039,2
177602450,44
354740222,6
381276559,0
31658445,6
1103795653,0
271965841,0
23533926,34
334911180,13
1159995445,0
1218929485,0
271972887,2
849729062,3
1019724050,0
1298566278,0
1298548159,0
1298555100,0
1298577012,0
1298610535,0
1298580552,0
1298692566,0
1298711894,0
1298717598,0
1298759239,0
1298763265,0
952619623,18
161797179,6
786944546,0
174420405,7
458053575,5
868966099,20
580105810,23
275038599,21
497114732,28
178794231,0
136255383,45
246426922,12
344690602,10
494582291,1
389052680,30
278325086,8
18411401,21
347203262,20
128287465,41
20023516,53
455081049,11
254814925,23
120919393,105
448621919,1
193154698,59
1273559047,352
370168544,7
18999763,38
275164696,3
71139897,26
18360735,4
131265901,17
465629292,30
463794634,1
87287009,10
216054973,15
252272072,11
260423578,0
35425956,2
89052154,11
807441157,1
84407151,3
66349240,93
334976289,5
17291311,41
347878358,10
1170723684,13
818707315,3
24717531,47
24087168,84
626639419,55
760462104,8
18445844,1
300474179,1
83028162,6
85640352,157
38499453,65
48519675,25
166161682,17
155932739,1
956281,12
349946938,3
460359684,23
65254420,51
180715429,3
92091739,631
185290543,52
33959429,3
497360864,1
105907906,25
245019687,3
34159192,0
35559137,20
24306594,119
432940862,43
287655600,1
274074495,3
211550181,16
213751216,13
195455988,75
159923573,3
403738810,17
597939859,40
867034092,3
8833682,3
620365771,8
40203927,5
255487471,6
365103761,33
11244852,31
29517549,48
30006281,27
543906798,78
176801189,13
33763811,13
411928135,10
409401081,5
125476267,0
235741775,1
360975668,47
315422740,0
33309569,4
21448068,3
77251447,3
736130144,0
781055977,5
541239060,24
546030512,1
591973680,41
435112555,84
508063405,69
466654340,78
1241637859,0
1194989221,18
1040925522,6
353631941,6
166811593,2
292413983,10
546424088,6
14696380,0
1292431874,0
130000271,0
150289143,3
44482290,0
755672683,4
178540278,0
63631693,3
100078080,4
165245722,13
46947111,13
244299485,1
495680721,18
1206181339,15
517212252,4
585885675,4
21269439,20
16874564,5
952101181,81
105485447,1
271266410,1
310286381,1
39871064,0
196349957,1
1202110940,6
212467098,20
190057663,15
485164245,17
718369310,0
33351678,2
1001077782,88
745799070,24
283199001,2
558030678,0
60916234,51
894588307,20
34509503,2
1240329889,20
374637511,8
271681559,3
266435289,0
250089059,14
581803888,0
67486555,1
574132457,5
243655326,9
76764120,6
67949754,36
92937067,7
1202254177,22
158923470,3
271074952,45
143514132,141
195886865,7
517065252,0
91090291,3
413423918,67
1130110310,21
599679507,26
263863782,1
796675838,123
47022386,11
370964111,5
15066876,81
297239016,21
252237345,20
370852503,4
16278418,4
131195984,5
72884615,13
378403945,4
1072009236,215
433690691,2
1304328403,0
634080059,128
91846036,17
273657076,4
246436394,0
243346390,3
1114582147,6
32725169,6
624961616,0
404689659,2
606492249,11
1284313915,0
178824088,0
336541205,4
262476027,5
191054889,9
104531604,3
1089369409,2
281891570,0
26417074,62
18165363,41
558827088,17
71358586,11
56515814,18
101309108,0
47459386,95
493673019,0
302951386,6
58684655,45
250364353,86
495386969,14
275712545,0
267881942,0
364330022,6
190012537,414
241226103,754
18460152,41
341105081,21
240760525,38
38481059,35
470691248,0
70789275,0
374643582,40
260000449,16
274349407,1
831767154,7
24775854,27
22277694,25
381013583,0
24727570,6
141702501,13
193714026,0
78998799,98
360605593,8
15446865,3
216790519,9
21576515,18
395475144,0
26230145,65
109065918,24
171606833,16
193986339,10
266225680,1
315042301,1
149852919,0
16606268,970
559819013,29
96502773,0
517121805,81
346949719,6
89553250,8
529784722,1
26913913,1
25590464,6
1299662108,0
228846881,23
926791760,14
61853352,1
354973054,0
250306808,3
84401415,18
594844518,0
1083627469,10
1263333547,5
1095333092,1
17735910,29
24851229,4
556301825,7
92152246,1
566058786,0
169259398,33
107120252,1
16636799,1
99879869,0
26788120,1
563166754,3
223368263,0
27347284,33
51822882,0
429182236,7
223626848,0
216732503,31
50383438,7
1249867202,3
23829086,2
299506138,3
1058709871,0
46390071,3
205431257,0
429535598,0
604655008,36
24696861,2
165286708,6
927949176,0
267813818,118
53116283,0
30373506,4
606759900,1
184931005,20
381198439,5
154136730,9
220223791,81
16272618,8
241625640,46
23263454,14
842768190,1
19793293,8
403467578,22
132407522,2
1187048804,0
12987202,2353
484399810,0
218285658,5
17600181,33
116228737,0
281329064,0
18124468,3
16343593,0
243244761,10
294174645,13
796706216,0
257644524,74
57852539,71
271183691,31
857342886,3
118743846,265
23764854,10
111146102,9
408952647,9
175925311,0
397232213,0
1051948640,0
100300239,10
1272293930,0
35798442,19
400768822,11
39040737,3
192659552,6
554476689,12
46956207,7
17370412,107
186500600,12
156462489,0
25636566,4
16603504,5
1149139530,2
166638826,29
629768935,0
14103847,3
120482978,16
152687100,7
162494640,2
564212349,2
279142381,9
123151726,14
15395708,2
268137967,4
24978284,0
57103588,8
296543799,6
940055154,3
171805432,0
17143599,32
19957201,7
26898604,0
295402999,5
399723827,18
448602773,10
16216473,16
126325261,4
299241117,22
18844199,0
103413969,12
26678366,30
309326261,5
16751415,2
516583662,8
495058610,4
227763857,22
88240141,37
73430683,2
56556297,14
14690573,112
280047851,2
23676939,18
21773382,22
239032386,0
269511391,42
22147325,10
176548718,4
273792908,1
522269341,4
708079987,21
598497297,7
86614774,1
474986645,0
595193381,1
396794234,3
242093891,11
81220155,126
1195945369,0
23241468,17
128676402,3
21243718,5
411294090,7
399371605,0
16269084,13
220421513,61
746959880,13
23633041,11
269437734,1
16180559,143
37263962,11
203057848,4
443448249,14
1198946628,5
44946908,17
867117816,1
59604112,3
23713082,23
19881665,124
294509806,0
506492079,3
82461587,13
145480842,86
608467477,0
1277092860,2
358193491,1
772919785,11
296504381,4
19304663,15
81793090,0
957344324,0
21312083,4
516074406,0
103594620,0
309558781,24
163405115,2
393348427,119
879209971,7
17078094,3
39499475,20
39684793,15
714467522,2
500664166,1
262153595,0
41043869,87
1195118856,2
599375374,4
384614410,4
597569522,2
713387070,4
185815993,0
163861697,41
18722095,12
43897603,227
466765912,22
1132300357,5
563293589,15
437055633,12
583550400,2
51099638,3
19134335,1
184862799,0
133752834,0
210146775,2
706036914,17
345794855,0
317061843,12
57568642,2
76114077,66
509633597,2
28893318,15
21422925,12
111088978,15
198674651,21
22372121,334
14560819,7
41870206,4
359788259,12
860415787,2
286278904,6
1264972752,0
436366250,1
336821732,129
15966995,103
124302756,118
325184070,7
291626846,15
150419399,5
121651119,15
517877177,14
1222500780,0
54766840,0
37912191,1
20273815,45
1157726496,5
610370629,0
380382923,7
494331490,60
33662678,22
455306009,27
66112820,23
145647271,96
225141669,25
29591741,0
43740286,65
93212217,1
42896073,133
20611338,187
1089926084,40
17583572,17
40536415,7
710248489,28
160073664,2
17076793,9
263222957,5
180005108,17
346705023,29
17213033,0
207864860,8
275078381,2
614784729,0
411611799,26
134889456,1
352556797,0
17171476,9
85229508,15
51158869,1
187214966,0
494320156,3
218671021,44
14485907,5
244816624,24
276713213,32
1078538047,31
888682813,0
322164578,5
576929601,60
380016963,4
615793000,11
93675048,6
20059181,427
633839714,5
952641019,28
25068722,8
59641324,1
480280640,0
245030913,29
226710176,0
759031160,12
19110210,2
1033371643,0
877623170,1
423891063,1
16581816,31
245839288,0
15331235,77
18200731,39
557995848,2
363666493,4
300400577,2
898819561,33
49774237,0
109926974,10
321852329,11
926125051,0
330539177,1
588017994,51
16707686,5
1110761798,3
368090766,7
489609031,32
122961376,24
117482770,5
169631777,0
1177019420,2
15264238,1
844495087,2
1138100232,13
621406056,0
1005583597,71
43171180,7
1117017337,2
286320498,0
34533812,13
140186605,0
292074881,20
261539076,2
603053240,41
868595665,10
65418383,24
92620044,4
169986395,21
69671596,62
267121768,10
16561725,10
6013662,10
98507630,3
1301486268,0
370453743,21
270891869,5
223516060,9
127895254,1
240707282,3
17684375,100
614436248,35
227169236,25
498909753,28
1203590904,0
185630556,65
216475552,31
19492704,2
19216594,65
288067030,26
207800925,40
25487241,89
344029955,13
30381942,0
131986093,22
851819298,13
36098759,0
429882018,10
71001729,62
70973856,0
627598217,4
557444928,19
363464356,0
32655878,0
36961616,20
30268687,11
63371371,3
37609340,0
208104339,3
17493663,2
37085947,6
48920785,29
522620461,0
305360589,5
1236477440,3
370815539,12
395456938,2
38022839,14
356647010,24
713563368,41
249366006,4
14388426,31
97782957,1
345765280,2
19801825,3
197672377,4
107312325,98
595774618,10
1204587288,0
532841420,11
820019167,4
28009693,1
212483779,7
296560575,0
897074468,3
475223296,3
37597963,42
37029797,0
20594175,15
36422158,1
30072340,0
23467434,56
1184200088,3
15682499,0
709766389,1
142860040,22
1135401164,11
860099179,8
24817065,5
216243608,8
38290074,125
239540543,4
27434069,11
14483082,0
142039570,23
837676586,8
263122187,9
153225560,54
75928120,38
25025529,1
90776169,19
532460250,0
401614276,10
15432179,40
193309305,18
952580750,75
303853801,6
254714696,6
461286070,4
5708752,1
5748362,1
33089851,2
51156456,31
537369806,63
69233373,0
196978441,13
15823471,2
15816745,3
514818535,56
705987434,26
916993710,17
944615180,32
186483691,31
66871543,0
479759692,27
154571151,16
237103462,10
311098314,1
226717858,32
542967914,25
210840159,44
723293880,19
374545627,29
495139374,13
19883894,20
321663386,36
998659356,12
891259729,0
362725025,8
16189107,160
250941432,2
552494270,0
17911191,4
224935028,111
48931430,16
462273510,7
288372843,3
81290051,0
61509014,75
600348686,23
94451943,17
135292251,2
23968956,1
14678279,594
1231844737,3
237052663,3
28997331,13
1195903140,1
324400171,1
326941453,39
24474900,26
19581788,7
19103646,135
311231357,19
515732918,2
753378097,164
1013316650,181
1066150808,180
855146994,30
21875285,1
493730203,5
45199534,5
51743331,4
309251929,0
99491292,6
352091107,0
855360626,22
455627762,0
264267429,93
459490133,77
64190875,0
606076956,15
288198163,0
320527513,31
186307153,2
10085872,215
226022534,9
20872037,2
73651314,7
42198561,18
426707296,1
591457191,7
1012122006,30
46851659,1
757072891,0
30465899,30
95934473,1
119769483,7
394181481,25
1025227592,12
822263544,0
344564284,5
367958676,42
384357977,10
393486248,0
875907876,182
717701984,11
1179520423,0
808979192,0
876252438,5
1242439537,0
14244309,8
587512782,143
373942398,91
262540645,22
996042944,8
38949890,196
50212797,9
29458252,2
545144439,14
54937843,32
533635897,12
262501181,9
34573800,0
180981592,78
485425161,6
372212694,11
232012377,46
298619156,16
1199108329,3
924456414,1
729460368,18
568394674,10
46510052,2
244534330,5
609720071,16
151348519,16
398380924,0
176207343,47
43803995,22
27446256,1
1004515592,19
22700185,8
96799205,51
98248395,181
323447431,10
300290452,2
311285130,11
58894431,0
391177648,2
432108764,20
940324717,48
22065687,13
25729759,73
40804489,1
24497152,15
350499770,86
1093740716,39
1132363542,12
1117861206,1
412343347,7
220191842,5
242566644,17
393666869,3
197131222,6
18100698,2
247528533,12
28586596,73
37208886,0
471915675,40
274433778,12
15641725,3
553315935,4
16194080,1
26774435,4
